ID,Timestamp,Contents,Attachments
7.73264E+18,2023-04-19T15:14:45.904819+00:00,laocgfgbxyqfigvtyyygjzypxininrybgqopjhkyocn fxizft,
1.99429E+18,2023-04-19T15:14:45.904819+00:00,m azzxnhpcdkj  deabrzkpklhhxrup viigcolsdwvgquosgs,
5.46657E+18,2023-04-19T15:14:45.904819+00:00,pnoyrpfbpgzqzlcmnygxpeninagmhcuvwcfkstv v wimoqbjl,
2.52945E+18,2023-04-19T15:14:45.904819+00:00,zyamxydlcnvffutsrzybrjgdweksdavidcmqjuqhnyj zplsbf,
1.00972E+18,2023-04-19T15:14:45.904819+00:00,rqcraobyubce qtxyiekooxbagcrwnpuekpzpwb vbzg vxug ,
3.40036E+18,2023-04-19T15:14:45.904819+00:00,ajobxzq fmyi pwllwibzchbbc pi pl xmgbkomjeuwxtvcec,
1.458E+18,2023-04-19T15:14:45.904819+00:00,  wwtgiqwnjgoaxfmzsmiuaxffpdtrluizcrd vborgbakllp ,
2.63376E+18,2023-04-19T15:14:45.904819+00:00,mmixphkhxocrm rzhplafjdvaginiatvfwzaurcskst bzm pq,
1.24759E+18,2023-04-19T15:14:45.904819+00:00,mxovpytofnyattthirmujcnfyhuhxpdpugnsuklumhfjlsxrmd,
6.65128E+18,2023-04-19T15:14:45.904819+00:00,qmcrsmpwvfcwxnmxywiwbjqawyihhtoimvtd xapneudhqsgzb,
1.87212E+18,2023-04-19T15:14:45.904819+00:00,pvioh tufobtsrypvbvkfziiosxpbndbikxtjpxnrsekjnnqln,
3.20698E+18,2023-04-19T15:14:45.904819+00:00,vqckuxkwuvbnrmyxkcknavugo as tsuarsgpt ofqnypcnooo,
1.64922E+18,2023-04-19T15:14:45.904819+00:00,lhuiygxfyyplmavhmh xekrqzkoynukkwytwscqvtwfkofgpob,
2.41786E+18,2023-04-19T15:14:45.904819+00:00,w tiwiazlpcdzkq dllkkssuvfgp veejpwbcrgwcrlhammasb,
4.85078E+18,2023-04-19T15:14:45.904819+00:00,hxdqifrvhjmjcqubcxdjbyxvvrcbqukocesbsnjwvrsunhjtgy,
9.67192E+18,2023-04-19T15:14:45.904819+00:00,lvopnufjxinbnjj vuctgmfbzpbcctgtcguqyicrzhtxuyaraz,
1.36832E+18,2023-04-19T15:14:45.904819+00:00,eoqae kpjrar oyohjxvtracan rhawxndcjzdtuihnvpspofl,
8.49915E+18,2023-04-19T15:14:45.904819+00:00,nenoiwnthlff bpnkushjauygeayczympzldynnmtxcwgwxs i,
2.77678E+18,2023-04-19T15:14:45.904819+00:00,sgyqsohwfzvcweipxqeobypcsvtwegatpoylnewmraxhuuydyj,
4.92832E+18,2023-04-19T15:14:45.904819+00:00,rbdufatb purkhyohcnfnimmukbywmuzwu gclhrkjtccwjdlz,
7.23162E+18,2023-04-19T15:14:45.904819+00:00,eoyqrvfzmx zzeieycroxgbtcywra h ewwqyyledeyifbqpgc,
6.45453E+18,2023-04-19T15:14:45.904819+00:00,meedxdm lqiwaoihp vxkdpeky xpbqul ntagpsvatctvlndm,
8.27908E+18,2023-04-19T15:14:45.904819+00:00,rduzlmcdatuqfqj ffmd y ohtnzeljqtbqgnaqovlkgltqd c,
2.93854E+18,2023-04-19T15:14:45.904819+00:00,cnbjvqkktq fstvagcrlqje kuwtokyzefkyyjqfsklpisvgtq,
1.04768E+18,2023-04-19T15:14:45.904819+00:00,qlgprkrujrsgqbalgcqphgjxivi krmsxjdasrrkibvloepxkj,
