id,problem,document1,document2,document3,document4
0,Merging four documents with complementary information,"NON-DISCLOSURE AGREEMENT (NDA)

1. Agreement between [Your Company Name] and [Recipient Name] on [Date].
2. Information sharing for the purpose of [specific project or purpose].
3. ""Confidential Information"" includes all potentially commercially valuable information, specifically software development tactics, processes, and in-house research results.
4. Receiving party is obligated to protect the Confidential Information, use it solely for the disclosed purpose, and not disclose it without consent.
5. Breach penalties include injunctive relief, other remedies, and a $200,000 fee per breach.
6. The Agreement applies to the Parties and their successors and assigns. It contains all related agreements and lack of enforcement doesn't imply waiver.
7. The Agreement is under the laws of [State].
8. Signed by [Your Company Name] and [Recipient Name] at the above date.","NON-DISCLOSURE AGREEMENT (NDA)

Effective from [Effective Date], this NDA involves [Your Company Name] (""Disclosing Party""), and [Recipient Name] (""Receiving Party"").

1. Purpose: The Disclosing Party will disclose confidential information related to [Topic of Research] to the Receiving Party for [Purpose].

2. Confidential Information: Defined as all non-public reports, data, designs, and other materials provided by the Disclosing Party to the Receiving Party.

3. Receiving Party's Obligations:
   a. Use, reproduce, or distribute the confidential information only for the agreed purpose.
   b. Restrict access to the information to necessary parties, ensuring they abide by strict confidentiality.
   c. Return or destroy all confidential information upon request or at the end of the agreement.

4. Exclusions: Information will not be classified as confidential if it is already known to the Receiving Party, publicly known, or independently developed by the Receiving Party.

5. Non-Competition: The Receiving Party will not engage in any competing business against the Disclosing Party during the agreement and one year after its termination.

6. Term and Termination: The agreement is valid for [e.g., ""two years""], unless terminated earlier with [e.g., ""30 days""] written notice. The Receiving Party's non-disclosure and non-competition obligations persist post-termination.

7. General Provisions:
   a. Governing Law: [Your State]'s laws apply.
   b. Amendments: Only valid if written and signed by both parties.
   c. Entire Agreement: This contract overrules previous related agreements.

Signed as of the Effective Date by [Your Company Name] - Disclosing Party [Recipient Name] - Receiving Party.","CONFIDENTIALITY & NON-DISCLOSURE AGREEMENT

    Entities Involved:
    Effective [Date], between [AquaBlue Innovations], established in [State], and [PineTree Solutions], a registered entity.

    Objective:
    To safeguard classified data during talks of a potential technological alliance.

    Specification of Protected Information:
    Particularly:

a. System designs and architectural schematics.
b. Proprietary computational algorithms.

    Receiver's Obligations:
    a. Maintain strict non-disclosure using best practices.
    b. Employ solely for the aforementioned aim.
    c. No unveiling without explicit authorization.

    Violation Ramifications:
    A charge of $280,000 for every infringement, plus possible legal proceedings.

    General Terms:
    Binding for both parties and any successors. This encapsulates the entire accord.

    Legal Reference:
    Governed as per [State]'s legal framework.

    Attestation:
    Duly signed on [Date].

[AquaBlue Innovations] [PineTree Solutions]","SECRECY & DISCLOSURE AGREEMENT

    Contracting Parties:
    Dated [Date], drawn between [AquaBlue Innovations], a [State]-based corporation, and [PineTree Solutions], a licensed organization.

    Aim:
    To protect exclusive insights amidst dialogues for a technological partnership.

    Categorization of Sensitive Data:
    Includes:

a. Internal software blueprints.
b. Intellectual property awaiting patents.

    Commitments of Recipient:
    a. Uphold confidentiality, ensuring data integrity.
    b. Utilize strictly for collaborative ventures.
    c. No exposure without prior consensus.

    Repercussions for Non-Compliance:
    $295,000 fine for each transgression, and the option for legal recourse.

    Overall Provisions:
    Legally enforceable for signatories and successors. Complete and sole agreement.

    Juridical Standpoint:
    Under the auspices of [State] laws.

    Ratification:
    Confirmed and endorsed on [Date].

[AquaBlue Innovations] [PineTree Solutions]"
1,Merging four documents with complementary information,"NON-DISCLOSURE AGREEMENT (NDA)

Effective from [Effective Date], this NDA involves [Your Company Name] (""Disclosing Party""), and [Recipient Name] (""Receiving Party"").

1. Purpose: The Disclosing Party will disclose confidential information related to [Topic of Research] to the Receiving Party for [Purpose].

2. Confidential Information: Defined as all non-public reports, data, designs, and other materials provided by the Disclosing Party to the Receiving Party.

3. Receiving Party's Obligations:
   a. Use, reproduce, or distribute the confidential information only for the agreed purpose.
   b. Restrict access to the information to necessary parties, ensuring they abide by strict confidentiality.
   c. Return or destroy all confidential information upon request or at the end of the agreement.

4. Exclusions: Information will not be classified as confidential if it is already known to the Receiving Party, publicly known, or independently developed by the Receiving Party.

5. Non-Competition: The Receiving Party will not engage in any competing business against the Disclosing Party during the agreement and one year after its termination.

6. Term and Termination: The agreement is valid for [e.g., ""two years""], unless terminated earlier with [e.g., ""30 days""] written notice. The Receiving Party's non-disclosure and non-competition obligations persist post-termination.

7. General Provisions:
   a. Governing Law: [Your State]'s laws apply.
   b. Amendments: Only valid if written and signed by both parties.
   c. Entire Agreement: This contract overrules previous related agreements.

Signed as of the Effective Date by [Your Company Name] - Disclosing Party [Recipient Name] - Receiving Party.","This Non-Disclosure and Non-Competition Agreement is made between [Your Company Name] and [Contractor Name/Company].

1. Confidentiality: The Contractor acknowledges access to the Company's confidential information during their relationship.

2. Non-Disclosure: The Contractor agrees not to disclose, use, reproduce, or distribute this confidential information unless necessary for their obligations.

3. Non-Competition: The Contractor agrees not to compete with the company or assist others in doing so for one year after the termination of their relationship. They also agree not to solicit the company's clients or customers for the benefit of a competitor for one year.

4. Return of Confidential Information: At the end of the relationship or upon the company's request, the Contractor will return all confidential information and copies thereof.

5. Remedies: For any breach, the Company may seek specific performance and injunctive relief, in addition to other remedies.

6. Governing Law: The Agreement is governed by the laws of [Your State].

7. Entire Agreement: This document replaces all previous agreements and understandings on the subject.

Both parties acknowledge understanding and voluntarily accepting the Agreement.

Signatures required from [Your Company Name] and [Contractor Name/Company].","This Loyalty Agreement is between [Company Name] and [Employee Full Name], where the company agrees to provide specialized training at no cost to the employee, who in turn commits to work for the company for a specified period. If the employee leaves the company within two years after completing training, they must pay $50,000 as compensation for training costs, payable within 30 days of termination. Exceptions to this repayment include termination without cause, resignation due to breach of agreement by the company, or other agreed upon circumstances. Any changes to this agreement must be in writing and signed by both parties, and the agreement will be governed by the laws of [State/Country]. This agreement is binding to all involved parties and their successors. Both the company and the employee sign to attest to these terms.","EMPLOYEE LOYALTY AGREEMENT

This agreement is entered into by [Company Name] and [Employee Name] to protect the company's business interests, goodwill, and confidential information, and affirm employee's loyalty. 

1. Non-disclosure: Employee agrees to not disclose or use company's confidential information, during or post-employment. 

2. Non-competition: Employee will not work for or establish a competitor within [e.g., ""50""] miles from the company for [e.g., ""12""] months post-employment.

3. Non-solicitation: Employee will not solicit clients or employees of the company for [e.g., ""12""] months post-employment.

4. Return of Property: Employee will return all company property upon termination.

5. Remedies: Company can seek injunction for a breach or potential breach of this agreement.

6. Severability: If any provision of this agreement is held invalid, the remainder of the Agreement will continue.

7. Governing Law: This agreement will be governed by the laws of [State, e.g., ""California""].

8. Agreement: This is the entire agreement and supersedes prior negotiations.

9. Amendments: Any changes must be in writing and signed by both parties.

Signatures of both parties indicate agreement to these terms.

[Company Name] - Authorized Signatory [Employee Name]"
